impl,frequency,build_ms,MiB,MiB_all,r1_ms,r3_ms,r6_ms,full_ms
old,4,3.90,0.18,0.18,0.0015,0.0154,0.0591,0.131
old,8,13.39,0.55,0.56,0.0014,0.0132,0.0575,0.480
old,16,46.70,1.97,1.96,0.0014,0.0132,0.0575,1.812
old,32,170.03,7.43,7.43,0.0013,0.0129,0.0567,8.140
old,64,743.82,29.63,29.63,0.0013,0.0134,0.0592,35.952
core,4,0.88,0.09,0.09,0.0013,0.0058,0.0181,0.034
core,8,2.79,0.31,0.31,0.0012,0.0058,0.0206,0.131
core,16,9.97,1.17,1.17,0.0012,0.0058,0.0212,0.533
core,32,39.24,4.50,4.50,0.0012,0.0058,0.0214,2.055
core,64,157.15,18.26,18.26,0.0011,0.0057,0.0209,10.417
new,4,0.45,0.05,0.14,0.0007,0.0032,0.0104,0.020
new,8,0.63,0.12,0.42,0.0007,0.0032,0.0116,0.080
new,16,1.15,0.37,1.52,0.0007,0.0032,0.0121,0.300
new,32,3.13,1.21,5.65,0.0007,0.0032,0.0121,1.184
new,64,9.43,4.30,22.36,0.0006,0.0032,0.0119,4.933
newobj,4,0.52,0.09,0.14,0.0013,0.0058,0.0197,0.038
newobj,8,0.85,0.27,0.42,0.0012,0.0046,0.0156,0.106
newobj,16,2.03,0.93,1.52,0.0011,0.0047,0.0157,0.424
newobj,32,7.87,3.32,5.65,0.0012,0.0045,0.0166,1.610
newobj,64,29.78,13.07,22.36,0.0011,0.0044,0.0151,8.676
